{
  "timestamp": "2026-02-18T06:10:34.177459",
  "uptime_seconds": 0.00415,
  "counters": {
    "scans_run": 1,
    "rule_failed[rule=MFA-001]": 1,
    "violations": 1,
    "rule_passed[rule=LOGIN-001]": 1
  },
  "gauges": {
    "rules_executed": 2,
    "rules_passed": 1,
    "rules_failed": 1,
    "rules_errors": 0
  },
  "timers": {
    "rule_execution_total": {
      "count": 1,
      "min_ms": 2.6337079907534644,
      "max_ms": 2.6337079907534644,
      "avg_ms": 2.6337079907534644,
      "total_ms": 2.6337079907534644,
      "p95_ms": null
    }
  }
}